"Label (Grouping)","Chesapeake city, Virginia!!Percent below poverty level!!Estimate","Norfolk city, Virginia!!Percent below poverty level!!Estimate","Huntsville city, Alabama!!Percent below poverty level!!Estimate","Chandler city, Arizona!!Percent below poverty level!!Estimate","Gilbert town, Arizona!!Percent below poverty level!!Estimate","Mesa city, Arizona!!Percent below poverty level!!Estimate","Phoenix city, Arizona!!Percent below poverty level!!Estimate","Scottsdale city, Arizona!!Percent below poverty level!!Estimate","Tucson city, Arizona!!Percent below poverty level!!Estimate","Little Rock city, Arkansas!!Percent below poverty level!!Estimate","Anaheim city, California!!Percent below poverty level!!Estimate","Bakersfield city, California!!Percent below poverty level!!Estimate","Chula Vista city, California!!Percent below poverty level!!Estimate","Fontana city, California!!Percent below poverty level!!Estimate","Fremont city, California!!Percent below poverty level!!Estimate","Fresno city, California!!Percent below poverty level!!Estimate","Glendale city, California!!Percent below poverty level!!Estimate","Irvine city, California!!Percent below poverty level!!Estimate","Long Beach city, California!!Percent below poverty level!!Estimate","Los Angeles city, California!!Percent below poverty level!!Estimate","Modesto city, California!!Percent below poverty level!!Estimate","Moreno Valley city, California!!Percent below poverty level!!Estimate","Oakland city, California!!Percent below poverty level!!Estimate","Riverside city, California!!Percent below poverty level!!Estimate","Sacramento city, California!!Percent below poverty level!!Estimate","San Bernardino city, California!!Percent below poverty level!!Estimate","San Diego city, California!!Percent below poverty level!!Estimate","San Francisco city, California!!Percent below poverty level!!Estimate","San Jose city, California!!Percent below poverty level!!Estimate","Santa Ana city, California!!Percent below poverty level!!Estimate","Santa Clarita city, California!!Percent below poverty level!!Estimate","Stockton city, California!!Percent below poverty level!!Estimate","Colorado Springs city, Colorado!!Percent below poverty level!!Estimate","Denver city, Colorado!!Percent below poverty level!!Estimate","Washington city, District of Columbia!!Percent below poverty level!!Estimate","Cape Coral city, Florida!!Percent below poverty level!!Estimate","Hialeah city, Florida!!Percent below poverty level!!Estimate","Jacksonville city, Florida!!Percent below poverty level!!Estimate","Miami city, Florida!!Percent below poverty level!!Estimate","Orlando city, Florida!!Percent below poverty level!!Estimate","Port St. Lucie city, Florida!!Percent below poverty level!!Estimate","St. Petersburg city, Florida!!Percent below poverty level!!Estimate","Tampa city, Florida!!Percent below poverty level!!Estimate","Atlanta city, Georgia!!Percent below poverty level!!Estimate","Augusta-Richmond County consolidated government (balance), Georgia!!Percent below poverty level!!Estimate","Columbus city, Georgia!!Percent below poverty level!!Estimate","Urban Honolulu CDP, Hawaii!!Percent below poverty level!!Estimate","Boise City city, Idaho!!Percent below poverty level!!Estimate","Aurora city, Illinois!!Percent below poverty level!!Estimate","Chicago city, Illinois!!Percent below poverty level!!Estimate","Fort Wayne city, Indiana!!Percent below poverty level!!Estimate","Indianapolis city (balance), Indiana!!Percent below poverty level!!Estimate","Des Moines city, Iowa!!Percent below poverty level!!Estimate","Wichita city, Kansas!!Percent below poverty level!!Estimate","Lexington-Fayette urban county, Kentucky!!Percent below poverty level!!Estimate","Louisville/Jefferson County metro government (balance), Kentucky!!Percent below poverty level!!Estimate","Baton Rouge city, Louisiana!!Percent below poverty level!!Estimate","New Orleans city, Louisiana!!Percent below poverty level!!Estimate","Baltimore city, Maryland!!Percent below poverty level!!Estimate","Boston city, Massachusetts!!Percent below poverty level!!Estimate","Worcester city, Massachusetts!!Percent below poverty level!!Estimate","Detroit city, Michigan!!Percent below poverty level!!Estimate","Minneapolis city, Minnesota!!Percent below poverty level!!Estimate","St. Paul city, Minnesota!!Percent below poverty level!!Estimate","Kansas City city, Missouri!!Percent below poverty level!!Estimate","St. Louis city, Missouri!!Percent below poverty level!!Estimate","Lincoln city, Nebraska!!Percent below poverty level!!Estimate","Omaha city, Nebraska!!Percent below poverty level!!Estimate","Henderson city, Nevada!!Percent below poverty level!!Estimate","Las Vegas city, Nevada!!Percent below poverty level!!Estimate","North Las Vegas city, Nevada!!Percent below poverty level!!Estimate","Reno city, Nevada!!Percent below poverty level!!Estimate","Jersey City city, New Jersey!!Percent below poverty level!!Estimate","Newark city, New Jersey!!Percent below poverty level!!Estimate","Albuquerque city, New Mexico!!Percent below poverty level!!Estimate","Buffalo city, New York!!Percent below poverty level!!Estimate","New York city, New York!!Percent below poverty level!!Estimate","Rochester city, New York!!Percent below poverty level!!Estimate","Yonkers city, New York!!Percent below poverty level!!Estimate","Charlotte city, North Carolina!!Percent below poverty level!!Estimate","Durham city, North Carolina!!Percent below poverty level!!Estimate","Fayetteville city, North Carolina!!Percent below poverty level!!Estimate","Greensboro city, North Carolina!!Percent below poverty level!!Estimate","Raleigh city, North Carolina!!Percent below poverty level!!Estimate","Winston-Salem city, North Carolina!!Percent below poverty level!!Estimate","Cincinnati city, Ohio!!Percent below poverty level!!Estimate","Cleveland city, Ohio!!Percent below poverty level!!Estimate","Toledo city, Ohio!!Percent below poverty level!!Estimate","Oklahoma City city, Oklahoma!!Percent below poverty level!!Estimate","Tulsa city, Oklahoma!!Percent below poverty level!!Estimate","Portland city, Oregon!!Percent below poverty level!!Estimate","Philadelphia city, Pennsylvania!!Percent below poverty level!!Estimate","Pittsburgh city, Pennsylvania!!Percent below poverty level!!Estimate","Sioux Falls city, South Dakota!!Percent below poverty level!!Estimate","Memphis city, Tennessee!!Percent below poverty level!!Estimate","Nashville-Davidson metropolitan government (balance), Tennessee!!Percent below poverty level!!Estimate","Arlington city, Texas!!Percent below poverty level!!Estimate","Austin city, Texas!!Percent below poverty level!!Estimate","Corpus Christi city, Texas!!Percent below poverty level!!Estimate","Dallas city, Texas!!Percent below poverty level!!Estimate","El Paso city, Texas!!Percent below poverty level!!Estimate","Fort Worth city, Texas!!Percent below poverty level!!Estimate","Frisco city, Texas!!Percent below poverty level!!Estimate","Garland city, Texas!!Percent below poverty level!!Estimate","Grand Prairie city, Texas!!Percent below poverty level!!Estimate","Houston city, Texas!!Percent below poverty level!!Estimate","Irving city, Texas!!Percent below poverty level!!Estimate","Laredo city, Texas!!Percent below poverty level!!Estimate","Lubbock city, Texas!!Percent below poverty level!!Estimate","McKinney city, Texas!!Percent below poverty level!!Estimate","Plano city, Texas!!Percent below poverty level!!Estimate","San Antonio city, Texas!!Percent below poverty level!!Estimate","Salt Lake City city, Utah!!Percent below poverty level!!Estimate","Richmond city, Virginia!!Percent below poverty level!!Estimate","Virginia Beach city, Virginia!!Percent below poverty level!!Estimate","Seattle city, Washington!!Percent below poverty level!!Estimate","Spokane city, Washington!!Percent below poverty level!!Estimate","Tacoma city, Washington!!Percent below poverty level!!Estimate","Madison city, Wisconsin!!Percent below poverty level!!Estimate","Milwaukee city, Wisconsin!!Percent below poverty level!!Estimate"
"Population for whom poverty status is determined","8.4%","17.7%","13.9%","7.6%","4.8%","9.5%","13.9%","7.1%","19.2%","18.5%","14.1%","16.3%","10.1%","8.5%","7.0%","20.6%","13.0%","11.2%","13.8%","16.8%","16.2%","12.1%","13.9%","12.8%","13.7%","17.5%","11.3%","10.4%","9.0%","11.3%","7.5%","14.8%","9.5%","11.8%","13.3%","8.4%","17.1%","14.1%","18.7%","14.2%","7.4%","13.5%","16.3%","17.3%","16.7%","17.8%","12.4%","11.1%","8.0%","17.2%","14.0%","15.9%","14.7%","18.3%","14.7%","16.3%","22.4%","22.2%","18.5%","17.1%","19.9%","33.8%","17.2%","16.0%","14.6%","20.4%","14.0%","13.8%","10.1%","14.1%","12.0%","12.3%","12.8%","24.0%","14.2%","23.6%","18.3%","26.3%","15.0%","11.8%","11.2%","16.6%","21.9%","11.0%","18.2%","26.6%","31.8%","23.3%","15.5%","20.0%","12.7%","21.7%","19.0%","10.1%","21.4%","14.1%","11.7%","11.1%","16.8%","17.8%","21.7%","12.0%","2.9%","12.1%","9.9%","20.7%","11.3%","20.1%","19.3%","4.6%","4.9%","18.7%","13.7%","21.7%","10.0%","10.1%","11.8%","14.2%","17.2%","22.1%"
"    AGE","","","","","","","","","","","","","","","","","","","","","","","","","","","","","","","","","","","","","","","","","","","","","","","","","","","","","","","","","","","","","","","","","","","","","","","","","","","","","","","","","","","","","","","","","","","","","","","","","","","","","","","","","","","","","","","","","","","","","","","",""
"        Under 18 years","10.2%","24.6%","17.1%","9.3%","5.0%","12.0%","18.8%","7.9%","23.1%","30.4%","20.0%","21.5%","13.0%","11.9%","8.0%","28.1%","10.7%","9.5%","17.9%","22.1%","20.3%","15.6%","18.4%","14.4%","15.9%","27.7%","12.0%","5.7%","8.6%","15.5%","8.4%","18.0%","12.3%","17.0%","16.8%","7.5%","16.5%","21.1%","23.2%","19.3%","9.1%","21.5%","21.6%","27.9%","23.2%","27.7%","17.5%","11.5%","12.2%","26.0%","18.0%","21.9%","20.6%","24.1%","16.5%","23.5%","26.2%","33.5%","22.0%","21.0%","23.2%","49.3%","19.8%","22.9%","19.8%","32.4%","16.8%","18.3%","14.0%","18.0%","15.3%","13.0%","15.4%","32.6%","17.6%","30.4%","24.5%","40.9%","18.3%","16.6%","17.7%","22.7%","30.2%","14.5%","28.3%","33.3%","48.2%","33.8%","20.1%","29.0%","13.3%","28.8%","26.8%","14.7%","32.7%","23.0%","13.9%","14.0%","26.2%","25.9%","31.0%","15.9%","1.6%","20.3%","14.6%","34.1%","14.9%","25.7%","20.1%","4.1%","5.3%","27.7%","12.6%","31.6%","14.4%","9.9%","14.7%","15.1%","13.4%","30.2%"
"            Under 5 years","11.3%","24.8%","24.4%","10.7%","2.9%","12.4%","18.2%","2.6%","28.4%","32.6%","16.1%","20.7%","17.4%","8.9%","12.0%","26.0%","16.0%","8.3%","19.3%","20.0%","18.6%","13.6%","20.2%","11.6%","13.0%","27.5%","11.7%","2.9%","10.4%","18.5%","7.6%","21.5%","12.9%","18.8%","14.7%","6.7%","17.8%","25.4%","21.5%","18.1%","9.6%","25.5%","28.7%","29.7%","25.4%","23.7%","18.3%","10.7%","17.3%","23.9%","24.6%","26.4%","22.3%","24.6%","23.4%","23.5%","21.3%","33.6%","16.5%","13.0%","26.5%","48.7%","17.7%","25.7%","19.0%","39.1%","13.0%","21.9%","17.5%","20.9%","16.6%","15.2%","14.7%","38.8%","18.7%","23.3%","22.0%","31.8%","20.6%","15.7%","23.0%","21.1%","31.5%","12.9%","28.4%","37.6%","49.0%","36.8%","20.4%","32.3%","12.8%","29.0%","21.6%","21.2%","35.8%","21.5%","19.4%","16.8%","23.4%","25.6%","35.2%","19.4%","0.0%","16.3%","23.5%","36.1%","13.4%","34.4%","21.2%","2.9%","6.6%","27.3%","21.8%","31.3%","15.6%","6.3%","16.9%","13.0%","10.8%","32.8%"
"            5 to 17 years","9.8%","24.5%","14.4%","8.9%","5.6%","11.8%","19.0%","9.5%","21.2%","29.6%","21.5%","21.7%","12.0%","12.9%","6.5%","28.8%","8.7%","9.9%","17.4%","22.9%","20.9%","16.2%","17.7%","15.3%","17.1%","27.8%","12.1%","6.9%","8.0%","14.5%","8.7%","16.9%","12.1%","16.2%","17.7%","7.8%","16.0%","19.4%","24.0%","19.7%","8.9%","20.0%","18.8%","27.1%","22.3%","29.1%","17.2%","11.7%","10.7%","26.8%","15.3%","20.1%","19.9%","23.9%","14.0%","23.5%","28.6%","33.5%","24.4%","24.7%","22.0%","49.6%","20.6%","21.8%","20.1%","29.3%","18.2%","16.9%","12.9%","17.0%","14.9%","12.3%","15.8%","29.6%","17.3%","33.0%","25.5%","43.8%","17.4%","17.0%","15.5%","23.5%","29.7%","15.2%","28.3%","31.9%","47.8%","32.6%","20.0%","27.7%","13.4%","28.7%","29.2%","12.1%","31.6%","23.7%","12.0%","12.8%","27.1%","26.0%","29.5%","14.7%","2.0%","21.3%","12.1%","33.3%","15.6%","22.9%","19.7%","4.5%","4.9%","27.9%","9.6%","31.8%","14.0%","11.3%","13.9%","16.0%","14.4%","29.3%"
"            Related children of householder under 18 years","10.2%","23.9%","17.1%","8.7%","4.3%","11.7%","18.4%","7.9%","22.8%","30.0%","19.8%","21.4%","12.8%","11.5%","8.0%","27.6%","10.7%","9.5%","17.8%","21.8%","20.3%","15.2%","18.0%","14.0%","15.9%","27.4%","11.9%","5.6%","8.3%","14.8%","7.7%","17.8%","12.0%","16.7%","16.8%","7.5%","15.8%","20.8%","23.3%","18.9%","9.0%","19.1%","21.4%","27.8%","22.6%","27.4%","17.1%","11.0%","12.3%","25.7%","17.9%","21.8%","20.5%","23.6%","16.4%","23.3%","26.2%","33.4%","21.8%","21.0%","23.0%","49.2%","19.4%","22.2%","19.8%","32.2%","16.4%","18.2%","13.8%","17.8%","15.1%","11.8%","15.4%","32.2%","17.3%","30.4%","24.2%","40.8%","16.8%","16.2%","17.3%","22.6%","30.1%","14.1%","28.1%","33.2%","48.0%","33.5%","20.1%","28.8%","12.4%","28.5%","26.0%","13.9%","32.7%","22.5%","13.9%","13.2%","25.8%","25.5%","30.9%","15.8%","0.7%","19.7%","14.6%","33.9%","14.9%","25.5%","19.7%","3.8%","4.7%","27.7%","12.0%","31.3%","14.2%","9.7%","14.3%","13.8%","13.4%","30.1%"
"        18 to 64 years","8.1%","16.0%","14.1%","6.9%","4.5%","8.6%","12.2%","5.8%","19.8%","16.8%","11.4%","14.1%","8.9%","7.2%","6.6%","18.5%","11.4%","12.3%","12.1%","15.2%","14.6%","11.2%","11.4%","11.7%","12.9%","13.1%","11.3%","9.9%","8.7%","8.9%","6.8%","12.7%","9.3%","10.6%","11.8%","8.4%","13.3%","11.8%","14.2%","12.1%","6.5%","11.0%","14.2%","14.2%","15.3%","14.1%","11.9%","11.9%","6.4%","14.6%","13.7%","14.6%","14.2%","17.2%","15.8%","15.4%","23.1%","19.3%","16.4%","15.4%","19.5%","31.1%","17.0%","14.6%","12.8%","17.6%","14.3%","13.1%","8.9%","13.1%","10.6%","12.6%","11.6%","20.1%","13.8%","22.7%","16.0%","23.1%","12.3%","10.3%","10.0%","14.8%","20.6%","10.0%","15.4%","25.9%","28.3%","21.7%","14.7%","18.6%","12.3%","19.7%","18.7%","8.5%","18.3%","12.1%","10.5%","10.7%","13.6%","15.0%","17.6%","10.6%","2.9%","9.6%","8.6%","16.8%","10.4%","16.3%","20.5%","4.5%","4.2%","16.2%","14.7%","20.2%","8.7%","9.6%","11.8%","14.2%","20.1%","19.8%"
"            18 to 34 years","10.6%","15.9%","18.1%","8.6%","5.9%","9.7%","12.7%","5.0%","24.6%","19.1%","11.7%","14.9%","8.2%","6.6%","10.2%","19.5%","11.5%","18.2%","13.0%","16.2%","17.2%","13.1%","12.1%","12.7%","13.7%","13.2%","13.6%","9.7%","10.7%","8.3%","7.7%","13.1%","10.1%","10.8%","13.5%","7.4%","12.4%","13.3%","15.1%","13.7%","8.3%","12.2%","17.1%","16.4%","19.2%","13.2%","14.1%","14.5%","8.2%","14.3%","18.5%","17.5%","17.1%","21.4%","23.4%","19.0%","27.0%","23.2%","14.8%","17.6%","23.9%","30.6%","19.6%","16.3%","14.6%","19.1%","19.3%","18.2%","11.3%","13.7%","11.3%","15.1%","10.0%","21.2%","16.8%","24.7%","16.6%","24.0%","11.6%","11.8%","12.5%","15.0%","24.2%","13.4%","18.7%","31.3%","31.5%","26.3%","17.4%","21.5%","14.0%","21.6%","23.5%","12.4%","19.2%","14.6%","13.2%","13.9%","13.7%","17.2%","19.3%","13.2%","2.8%","11.0%","10.5%","19.7%","11.7%","19.6%","29.7%","5.7%","4.6%","19.3%","17.9%","23.4%","11.0%","10.9%","12.5%","13.9%","31.5%","23.2%"
"            35 to 64 years","6.8%","16.1%","11.5%","5.9%","3.8%","7.8%","11.9%","6.3%","15.2%","15.3%","11.2%","13.5%","9.2%","7.6%","4.9%","17.8%","11.4%","8.5%","11.5%","14.6%","13.0%","9.6%","11.0%","11.0%","12.3%","12.9%","9.6%","10.1%","7.4%","9.4%","6.3%","12.4%","8.7%","10.4%","10.6%","8.9%","13.7%","10.8%","13.6%","10.8%","5.6%","10.2%","12.1%","12.4%","12.6%","14.6%","10.6%","10.1%","5.3%","14.7%","10.2%","12.4%","12.1%","14.3%","10.1%","13.1%","19.5%","17.2%","17.5%","13.4%","15.9%","31.5%","14.7%","13.3%","11.6%","16.5%","10.2%","9.7%","7.8%","12.7%","10.2%","10.9%","12.9%","19.3%","11.9%","21.1%","15.6%","22.3%","12.7%","9.2%","8.1%","14.6%","18.1%","7.3%","13.2%","20.5%","26.1%","18.5%","12.8%","16.6%","11.2%","18.3%","13.7%","6.1%","17.7%","10.2%","8.4%","7.9%","13.5%","13.2%","16.4%","8.9%","3.0%","8.6%","7.3%","14.6%","9.4%","13.8%","11.6%","4.0%","4.1%","13.9%","11.2%","17.5%","7.3%","8.6%","11.3%","14.4%","6.9%","17.0%"
"        60 years and over","6.8%","16.4%","10.3%","7.4%","5.6%","9.5%","13.2%","9.9%","12.8%","10.0%","16.4%","15.1%","9.9%","8.6%","6.2%","16.4%","17.9%","9.1%","15.5%","16.7%","16.2%","9.6%","18.3%","14.0%","14.8%","15.6%","11.2%","15.6%","11.2%","14.3%","8.7%","17.0%","6.8%","11.5%","17.5%","10.3%","25.2%","13.4%","29.4%","17.7%","7.7%","14.9%","17.7%","18.9%","13.6%","16.7%","11.0%","9.8%","7.3%","17.7%","9.2%","12.5%","10.3%","13.7%","8.7%","11.2%","16.3%","21.3%","22.4%","19.9%","19.7%","22.8%","14.3%","12.1%","14.8%","20.2%","9.3%","9.7%","8.6%","12.8%","12.5%","11.3%","17.6%","25.5%","12.4%","19.5%","18.8%","21.0%","16.9%","11.6%","9.0%","14.2%","14.7%","10.9%","12.9%","21.7%","25.8%","15.8%","11.0%","11.7%","15.2%","20.9%","14.2%","9.5%","16.9%","11.1%","11.5%","10.1%","15.5%","16.3%","22.1%","10.4%","7.4%","9.3%","6.7%","16.2%","8.3%","22.3%","12.5%","6.0%","6.6%","14.1%","11.4%","18.4%","8.5%","11.7%","10.9%","14.7%","7.6%","19.6%"
"        65 years and over","6.3%","14.7%","9.0%","7.6%","6.0%","9.6%","13.3%","9.8%","11.9%","8.0%","17.1%","13.9%","10.2%","8.8%","6.8%","14.0%","20.7%","7.9%","16.2%","16.9%","15.4%","9.3%","19.8%","15.7%","13.6%","17.7%","10.7%","15.7%","11.0%","16.2%","9.3%","18.2%","6.2%","11.0%","15.9%","9.1%","30.4%","13.1%","32.8%","18.7%","8.5%","15.5%","19.2%","19.3%","12.6%","16.2%","10.2%","7.7%","8.0%","17.6%","9.3%","11.1%","6.4%","13.7%","7.3%","10.1%","13.8%","20.1%","22.5%","20.9%","16.5%","19.7%","13.4%","11.2%","14.4%","18.5%","9.3%","8.7%","9.3%","12.5%","11.9%","10.2%","16.2%","26.8%","11.8%","17.8%","19.5%","19.1%","20.1%","10.8%","7.3%","14.0%","14.1%","11.2%","13.9%","20.9%","23.8%","15.2%","10.6%","11.5%","14.1%","20.1%","12.8%","8.9%","15.7%","10.8%","13.1%","9.5%","14.7%","16.7%","22.9%","10.6%","7.0%","8.6%","6.3%","16.5%","7.4%","25.9%","12.2%","6.4%","7.3%","14.1%","9.0%","17.2%","8.8%","12.6%","8.8%","13.2%","7.2%","17.7%"
"    SEX","","","","","","","","","","","","","","","","","","","","","","","","","","","","","","","","","","","","","","","","","","","","","","","","","","","","","","","","","","","","","","","","","","","","","","","","","","","","","","","","","","","","","","","","","","","","","","","","","","","","","","","","","","","","","","","","","","","","","","","",""
"        Male","7.0%","15.2%","11.0%","6.2%","4.1%","9.0%","12.8%","5.4%","17.8%","16.6%","13.1%","14.6%","9.0%","7.7%","5.8%","20.4%","12.0%","10.8%","11.9%","15.6%","15.1%","10.7%","12.4%","12.1%","11.8%","15.4%","10.2%","10.5%","8.4%","10.7%","7.1%","15.6%","8.0%","11.9%","12.5%","8.2%","15.6%","12.9%","15.2%","12.1%","5.7%","12.4%","14.9%","15.2%","15.1%","16.6%","12.0%","11.7%","7.2%","15.5%","12.6%","14.1%","14.6%","17.4%","13.2%","14.2%","21.6%","20.9%","18.4%","16.1%","19.0%","32.0%","15.7%","14.4%","11.7%","19.2%","11.9%","13.0%","9.0%","13.3%","9.5%","10.8%","11.1%","20.7%","13.1%","25.3%","17.0%","23.4%","14.2%","10.4%","10.1%","14.8%","19.6%","10.0%","17.0%","23.1%","30.5%","20.8%","13.7%","18.3%","12.2%","21.0%","16.6%","9.0%","19.5%","11.8%","10.5%","10.3%","15.4%","14.8%","18.3%","10.6%","3.0%","11.0%","8.7%","18.4%","10.3%","17.9%","18.6%","4.3%","4.2%","16.7%","11.9%","19.7%","8.1%","9.2%","11.7%","12.6%","17.2%","20.1%"
"        Female","9.7%","20.1%","16.9%","8.9%","5.6%","10.1%","14.9%","8.8%","20.5%","20.2%","15.0%","18.0%","11.1%","9.4%","8.1%","20.9%","13.9%","11.6%","15.7%","17.9%","17.2%","13.6%","15.5%","13.5%","15.4%","19.4%","12.5%","10.3%","9.6%","11.9%","7.9%","14.1%","11.0%","11.6%","14.1%","8.7%","18.5%","15.1%","22.5%","16.3%","9.2%","14.5%","17.8%","19.3%","18.2%","18.9%","12.8%","10.5%","8.8%","18.8%","15.3%","17.7%","14.7%","19.2%","16.1%","18.3%","23.1%","23.4%","18.7%","18.0%","20.8%","35.5%","18.6%","17.6%","17.3%","21.5%","16.1%","14.5%","11.2%","14.8%","14.2%","13.9%","14.6%","27.1%","15.3%","22.2%","19.4%","29.0%","15.7%","13.0%","12.1%","18.2%","23.9%","12.0%","19.4%","29.7%","33.0%","25.6%","17.3%","21.6%","13.3%","22.3%","21.4%","11.1%","23.2%","16.3%","12.8%","12.0%","18.2%","20.7%","25.1%","13.4%","2.8%","13.2%","11.1%","23.0%","12.3%","22.3%","20.1%","4.9%","5.6%","20.7%","15.6%","23.6%","11.7%","11.0%","11.9%","15.9%","17.3%","24.0%"
"    RACE AND HISPANIC OR LATINO ORIGIN","","","","","","","","","","","","","","","","","","","","","","","","","","","","","","","","","","","","","","","","","","","","","","","","","","","","","","","","","","","","","","","","","","","","","","","","","","","","","","","","","","","","","","","","","","","","","","","","","","","","","","","","","","","","","","","","","","","","","","","",""
"        White alone","5.4%","12.1%","8.5%","7.8%","4.1%","8.0%","9.4%","7.1%","17.3%","9.5%","13.3%","17.5%","6.8%","10.7%","6.0%","14.5%","15.3%","9.1%","10.8%","12.5%","12.9%","12.5%","6.8%","12.1%","10.9%","14.4%","9.7%","7.7%","7.0%","9.7%","6.6%","15.9%","7.1%","8.3%","6.1%","7.3%","17.4%","9.8%","12.5%","12.6%","7.2%","11.2%","9.9%","6.2%","11.8%","8.9%","11.9%","10.2%","5.8%","10.3%","11.1%","9.8%","10.1%","14.6%","12.0%","10.7%","14.6%","10.7%","12.1%","12.8%","15.7%","27.2%","10.9%","9.1%","9.7%","12.1%","13.6%","9.6%","8.3%","10.4%","9.4%","12.7%","9.1%","14.2%","13.7%","16.5%","12.5%","18.8%","10.1%","7.1%","6.3%","11.9%","9.2%","7.9%","11.0%","17.1%","20.7%","17.1%","11.1%","14.0%","10.5%","13.3%","13.0%","9.1%","12.2%","8.5%","9.9%","8.8%","13.2%","10.8%","16.7%","7.9%","3.3%","6.5%","9.6%","12.9%","10.8%","16.5%","17.4%","3.8%","4.6%","15.2%","13.1%","11.1%","7.1%","7.7%","10.1%","11.6%","15.3%","13.9%"
"        Black or African American alone","12.2%","24.9%","23.2%","17.2%","6.4%","21.4%","18.5%","N","24.3%","29.0%","18.7%","28.2%","13.8%","24.0%","7.6%","33.3%","N","N","17.6%","25.0%","5.8%","9.7%","24.8%","12.3%","19.0%","30.0%","15.6%","23.2%","26.0%","N","10.6%","23.8%","17.5%","26.1%","21.3%","N","N","23.0%","29.5%","16.6%","5.3%","22.1%","22.0%","26.6%","20.1%","24.9%","N","N","17.2%","28.7%","19.6%","26.1%","36.3%","27.2%","19.7%","29.9%","28.1%","30.0%","20.7%","22.0%","21.9%","34.9%","31.2%","28.0%","25.1%","30.1%","21.4%","35.2%","11.0%","25.9%","14.3%","9.3%","19.5%","25.7%","19.2%","30.7%","22.9%","33.2%","21.9%","14.1%","13.6%","19.5%","26.5%","15.5%","24.3%","37.4%","37.6%","27.7%","26.0%","32.7%","18.1%","25.0%","34.8%","14.7%","24.7%","21.8%","11.6%","13.0%","20.9%","29.6%","22.5%","19.0%","N","9.0%","10.1%","25.1%","17.6%","N","31.8%","5.1%","7.4%","25.1%","N","29.9%","18.8%","22.2%","20.7%","26.2%","25.4%","27.3%"
"        American Indian and Alaska Native alone","N","N","N","N","N","N","24.0%","N","35.6%","N","N","N","N","N","N","36.1%","N","N","N","16.5%","N","N","17.6%","N","16.3%","N","23.9%","N","7.0%","N","N","15.9%","N","22.3%","N","N","N","N","N","N","N","N","N","N","N","N","N","N","N","8.6%","N","N","N","N","N","N","N","N","N","N","N","N","N","N","N","N","N","N","N","N","N","N","N","N","22.5%","N","25.2%","N","N","N","N","31.5%","N","N","N","N","N","N","21.0%","26.0%","N","N","N","N","N","N","N","N","N","6.6%","9.0%","N","N","N","N","24.0%","N","N","N","N","N","21.8%","N","N","N","N","N","N","N","N"
"        Asian alone","N","15.7%","N","3.4%","4.1%","13.4%","11.0%","5.8%","22.3%","13.9%","15.0%","6.1%","4.1%","4.3%","4.4%","23.1%","6.6%","11.7%","11.9%","14.1%","19.3%","18.7%","14.5%","19.4%","13.3%","12.1%","9.8%","10.8%","7.6%","10.8%","8.7%","12.4%","5.8%","8.7%","11.9%","N","N","5.1%","N","5.5%","N","3.7%","8.4%","14.3%","N","N","8.6%","7.9%","2.0%","18.2%","30.4%","10.9%","19.1%","15.2%","7.1%","14.8%","14.3%","9.4%","22.5%","16.5%","25.6%","30.0%","23.4%","21.2%","10.9%","21.7%","11.0%","16.3%","14.5%","15.2%","11.3%","8.9%","10.4%","N","7.2%","26.3%","15.2%","N","12.2%","6.0%","11.7%","8.1%","23.7%","7.1%","N","N","41.7%","N","10.0%","21.8%","14.8%","18.8%","26.0%","N","11.4%","16.8%","16.1%","15.3%","8.6%","19.6%","19.6%","13.0%","1.7%","10.1%","6.0%","16.3%","5.7%","N","11.9%","4.6%","5.2%","14.2%","20.9%","47.5%","8.2%","11.2%","N","12.6%","21.6%","16.1%"
"        Native Hawaiian and Other Pacific Islander alone","N","N","N","N","N","N","N","N","N","N","N","N","N","N","N","N","N","N","N","N","N","N","N","N","N","N","N","N","N","N","N","N","N","N","N","N","N","N","N","N","N","N","N","N","N","N","30.0%","N","N","N","N","N","N","N","N","N","N","N","N","N","N","N","N","N","N","N","N","N","N","N","N","N","N","N","N","N","N","N","N","N","N","N","N","N","N","N","N","N","N","N","N","N","N","N","N","N","N","N","N","N","N","N","N","N","N","N","N","N","N","N","N","N","N","N","N","N","N","N","N","N"
"        Some other race alone","N","22.9%","N","2.6%","9.2%","14.6%","18.3%","N","22.1%","N","12.5%","17.7%","13.1%","6.1%","25.9%","27.1%","12.1%","12.9%","16.9%","20.1%","6.0%","10.8%","15.8%","14.6%","18.6%","17.4%","14.6%","17.4%","12.3%","12.6%","8.5%","13.0%","17.3%","12.6%","14.3%","N","13.9%","14.6%","22.4%","19.7%","12.0%","N","35.4%","26.0%","N","N","N","23.5%","7.5%","16.1%","14.5%","29.2%","N","26.7%","N","24.1%","N","23.0%","24.1%","20.9%","23.1%","37.1%","28.1%","26.6%","13.1%","N","N","13.8%","16.7%","14.8%","11.0%","15.8%","14.2%","22.2%","13.6%","28.1%","24.8%","25.1%","16.7%","23.0%","19.3%","20.5%","57.6%","14.5%","23.8%","20.8%","39.8%","38.9%","25.9%","26.2%","27.8%","29.4%","N","N","14.8%","21.7%","15.2%","17.5%","22.4%","19.3%","24.0%","16.9%","N","23.8%","13.4%","30.4%","12.2%","19.5%","17.4%","N","7.6%","19.4%","5.8%","25.8%","5.8%","20.4%","N","N","N","23.6%"
"        Two or more races","12.3%","12.1%","19.0%","6.7%","6.7%","9.0%","17.8%","7.2%","18.2%","18.6%","14.3%","14.1%","11.2%","6.4%","10.2%","16.3%","4.2%","13.9%","15.2%","17.6%","26.1%","13.3%","7.9%","9.5%","11.9%","16.3%","13.2%","8.0%","9.0%","8.6%","7.1%","12.3%","12.2%","15.9%","7.4%","11.5%","17.6%","13.8%","18.9%","13.6%","8.0%","13.0%","22.3%","14.9%","14.3%","18.9%","15.0%","12.9%","12.2%","13.7%","13.8%","14.1%","11.0%","24.3%","30.3%","16.4%","10.3%","18.0%","20.5%","20.7%","26.0%","30.2%","17.2%","16.4%","17.0%","15.7%","16.4%","15.4%","9.6%","13.5%","14.8%","9.7%","14.0%","27.4%","14.2%","28.4%","19.7%","28.8%","16.9%","16.8%","14.7%","17.7%","32.2%","15.9%","30.0%","37.2%","37.5%","40.9%","18.7%","24.1%","14.8%","30.9%","18.0%","15.8%","38.2%","22.0%","11.7%","11.9%","19.2%","14.8%","24.0%","11.8%","2.6%","14.8%","7.0%","19.9%","15.0%","21.2%","22.1%","9.8%","2.3%","21.4%","17.6%","30.7%","13.3%","9.9%","18.4%","18.4%","18.9%","27.8%"
"        Hispanic or Latino origin (of any race)","12.1%","25.1%","26.7%","8.4%","6.7%","14.9%","18.6%","9.2%","21.5%","21.5%","13.8%","16.9%","11.7%","7.5%","16.5%","22.7%","10.7%","15.2%","16.0%","19.8%","21.7%","12.6%","14.0%","14.2%","14.6%","16.5%","14.7%","13.0%","10.7%","10.7%","8.4%","13.8%","17.4%","14.4%","10.4%","15.1%","17.6%","12.7%","19.3%","17.0%","12.3%","19.9%","22.6%","18.4%","16.0%","14.9%","15.1%","18.2%","9.7%","14.8%","15.8%","22.7%","11.3%","24.1%","20.3%","20.5%","30.6%","20.0%","21.4%","25.4%","23.6%","37.8%","24.4%","21.0%","15.4%","16.6%","20.6%","14.3%","13.7%","14.8%","12.7%","13.3%","14.2%","25.7%","16.2%","34.2%","24.3%","27.1%","16.3%","20.1%","23.0%","19.2%","42.9%","18.5%","26.4%","33.0%","37.0%","30.8%","21.5%","25.3%","19.7%","33.3%","17.7%","24.5%","22.7%","23.9%","12.8%","16.5%","20.4%","18.0%","23.4%","13.5%","N","16.3%","11.3%","25.1%","14.3%","20.8%","21.9%","5.5%","3.8%","21.7%","12.2%","29.7%","14.1%","18.1%","23.7%","17.7%","25.3%","26.3%"
"        White alone, not Hispanic or Latino","5.2%","10.9%","8.5%","7.3%","4.1%","6.9%","8.2%","7.1%","16.7%","7.4%","12.3%","14.8%","9.1%","7.6%","6.3%","12.7%","15.1%","9.0%","9.9%","11.3%","11.8%","9.7%","6.8%","9.5%","10.8%","14.7%","9.1%","7.7%","7.0%","11.8%","6.3%","14.7%","6.6%","7.7%","5.9%","6.3%","9.3%","9.5%","8.6%","10.8%","5.5%","11.1%","10.0%","5.8%","11.2%","9.2%","11.9%","10.1%","5.6%","9.3%","10.8%","9.5%","9.9%","14.1%","12.2%","10.3%","14.0%","10.7%","12.0%","11.9%","15.1%","25.9%","10.4%","9.3%","9.3%","11.7%","13.3%","9.1%","8.7%","10.1%","7.9%","12.9%","9.2%","11.1%","11.1%","15.2%","11.6%","18.1%","8.5%","7.0%","5.2%","11.1%","9.2%","7.3%","10.1%","17.1%","19.7%","17.4%","10.1%","13.3%","10.6%","12.7%","12.8%","8.3%","11.8%","8.4%","10.1%","7.0%","8.0%","7.8%","10.0%","7.2%","3.3%","7.4%","8.4%","9.3%","7.1%","4.6%","15.9%","4.0%","4.5%","9.8%","12.8%","11.2%","7.1%","7.6%","10.2%","11.0%","15.0%","14.0%"
"    EDUCATIONAL ATTAINMENT","","","","","","","","","","","","","","","","","","","","","","","","","","","","","","","","","","","","","","","","","","","","","","","","","","","","","","","","","","","","","","","","","","","","","","","","","","","","","","","","","","","","","","","","","","","","","","","","","","","","","","","","","","","","","","","","","","","","","","","",""
"        Population 25 years and over","7.2%","14.4%","11.1%","6.4%","4.2%","8.4%","12.1%","7.1%","15.2%","13.5%","12.2%","13.6%","9.2%","7.1%","5.8%","16.7%","13.3%","9.2%","12.5%","14.5%","14.5%","9.9%","12.9%","11.5%","12.2%","14.8%","9.5%","10.5%","8.2%","10.1%","6.6%","14.4%","7.9%","9.8%","11.0%","8.5%","17.7%","11.2%","17.6%","12.8%","6.9%","11.7%","13.9%","12.7%","13.0%","13.9%","10.2%","9.8%","6.7%","14.3%","11.1%","13.0%","11.1%","14.9%","10.4%","13.2%","16.8%","18.1%","17.2%","13.4%","15.4%","28.4%","12.8%","12.4%","12.0%","16.6%","10.5%","10.7%","9.2%","12.8%","10.8%","10.5%","11.1%","20.4%","12.4%","19.5%","16.1%","21.8%","14.5%","9.4%","8.6%","14.4%","16.8%","7.6%","13.9%","20.4%","25.9%","18.1%","12.6%","15.8%","11.8%","18.4%","13.1%","7.8%","17.1%","10.8%","9.1%","8.4%","13.9%","13.8%","17.8%","10.0%","3.3%","9.6%","7.6%","15.6%","8.9%","16.2%","12.5%","4.7%","4.6%","14.5%","9.9%","15.6%","8.1%","8.6%","10.0%","13.5%","8.2%","17.8%"
"            Less than high school graduate","11.0%","32.5%","30.4%","10.7%","13.3%","17.4%","25.8%","13.4%","29.6%","25.2%","17.5%","24.3%","15.6%","9.4%","19.0%","29.0%","27.8%","19.6%","22.9%","25.8%","28.7%","11.4%","23.3%","22.4%","25.2%","21.7%","23.7%","27.1%","16.3%","12.8%","14.1%","23.5%","28.9%","25.8%","37.0%","12.4%","27.5%","26.8%","30.8%","21.7%","11.7%","35.2%","39.9%","47.2%","26.7%","24.4%","19.6%","31.8%","13.9%","26.5%","22.5%","28.5%","20.9%","28.3%","28.0%","37.1%","38.8%","38.2%","34.0%","37.2%","33.6%","45.9%","46.6%","24.1%","34.8%","30.1%","24.0%","21.9%","23.1%","22.7%","12.9%","16.5%","35.0%","27.1%","28.0%","37.5%","30.9%","38.3%","30.6%","23.7%","22.3%","44.0%","47.0%","21.2%","30.9%","51.4%","40.3%","40.2%","30.2%","31.8%","28.3%","35.0%","30.0%","17.5%","34.0%","24.1%","16.7%","22.4%","29.2%","22.2%","36.5%","17.7%","5.6%","18.3%","9.6%","27.6%","13.6%","27.8%","33.4%","8.4%","6.3%","27.6%","24.7%","36.9%","18.1%","32.2%","22.0%","31.1%","27.8%","29.6%"
"            High school graduate (includes equivalency)","9.1%","18.9%","19.3%","8.0%","5.6%","10.8%","16.2%","12.5%","17.0%","26.5%","17.2%","13.2%","11.0%","7.7%","9.8%","20.4%","14.8%","26.5%","16.3%","18.2%","14.0%","11.7%","19.3%","13.0%","18.3%","13.9%","14.6%","21.2%","11.8%","10.8%","7.9%","16.5%","12.2%","16.2%","25.0%","12.2%","19.6%","14.6%","21.7%","18.4%","9.5%","16.7%","20.8%","27.0%","15.4%","18.8%","13.3%","16.8%","7.9%","21.5%","13.7%","15.7%","13.3%","21.2%","15.4%","17.7%","22.0%","28.9%","21.2%","18.9%","16.3%","31.2%","20.8%","19.7%","16.9%","25.4%","16.3%","17.5%","11.6%","15.6%","11.6%","18.0%","17.0%","26.5%","19.1%","25.0%","21.6%","26.1%","20.2%","15.1%","19.5%","18.1%","21.7%","12.7%","18.0%","32.4%","31.6%","20.7%","16.5%","20.6%","19.6%","22.3%","17.6%","9.9%","25.3%","19.2%","12.5%","17.6%","17.6%","18.4%","20.8%","15.4%","9.1%","8.0%","11.8%","20.0%","11.2%","16.7%","15.0%","8.5%","7.2%","18.2%","15.1%","27.2%","11.8%","16.5%","11.3%","19.0%","16.4%","24.1%"
"            Some college, associate's degree","7.7%","15.5%","10.8%","8.3%","4.5%","7.9%","9.4%","10.2%","15.5%","16.2%","10.4%","12.1%","9.5%","7.4%","10.0%","14.1%","14.6%","11.3%","13.7%","13.3%","13.0%","10.1%","19.2%","9.2%","11.6%","13.1%","10.9%","12.5%","10.2%","7.4%","8.4%","10.1%","8.1%","13.1%","16.6%","6.8%","10.7%","9.9%","17.7%","15.1%","6.0%","11.8%","14.6%","16.7%","12.1%","14.4%","11.3%","8.3%","8.4%","15.8%","9.9%","13.7%","9.0%","13.8%","10.4%","11.8%","16.7%","19.1%","18.6%","17.7%","14.4%","25.2%","17.9%","13.1%","11.5%","20.3%","11.3%","10.9%","7.9%","10.8%","11.5%","9.6%","11.0%","15.7%","12.2%","18.7%","16.3%","21.5%","9.9%","11.5%","7.0%","13.9%","14.2%","8.8%","16.1%","19.3%","23.2%","16.1%","13.0%","16.4%","14.9%","18.5%","17.3%","8.7%","14.6%","10.6%","6.1%","9.7%","11.9%","14.7%","15.4%","8.1%","5.4%","8.2%","6.1%","14.8%","9.2%","10.2%","12.5%","6.5%","3.7%","13.8%","11.7%","14.6%","8.5%","15.1%","13.2%","13.7%","10.5%","17.1%"
"            Bachelor's degree or higher","4.6%","5.1%","5.3%","3.9%","3.0%","3.9%","4.8%","4.9%","8.2%","3.2%","6.0%","7.6%","5.3%","3.9%","2.8%","7.4%","8.0%","6.5%","5.0%","7.2%","5.9%","4.7%","5.7%","6.3%","5.0%","7.5%","4.7%","5.1%","3.6%","7.3%","2.7%","7.8%","3.6%","4.7%","4.6%","5.2%","9.9%","5.4%","8.7%","7.1%","3.8%","5.6%","4.7%","4.7%","5.2%","5.9%","5.8%","5.5%","1.2%","6.5%","5.2%","5.6%","6.5%","7.1%","5.9%","5.1%","6.0%","7.7%","7.0%","5.6%","8.9%","10.6%","3.7%","5.9%","4.5%","7.0%","4.8%","4.9%","6.8%","7.4%","6.5%","4.3%","4.7%","7.8%","5.6%","8.5%","7.0%","9.5%","5.9%","3.6%","4.3%","5.6%","9.1%","3.8%","5.5%","6.3%","11.4%","8.7%","4.1%","6.3%","6.0%","9.4%","7.5%","4.1%","5.7%","5.3%","6.2%","4.3%","3.2%","6.5%","6.3%","3.9%","1.7%","5.9%","4.1%","6.4%","5.7%","8.3%","5.0%","2.7%","4.1%","5.7%","4.8%","6.6%","4.3%","4.2%","3.8%","4.7%","4.7%","5.8%"
"    EMPLOYMENT STATUS","","","","","","","","","","","","","","","","","","","","","","","","","","","","","","","","","","","","","","","","","","","","","","","","","","","","","","","","","","","","","","","","","","","","","","","","","","","","","","","","","","","","","","","","","","","","","","","","","","","","","","","","","","","","","","","","","","","","","","","",""
"        Civilian labor force 16 years and over","5.2%","11.5%","9.1%","4.4%","3.1%","5.0%","6.9%","2.9%","13.1%","8.2%","7.7%","8.5%","6.6%","4.0%","3.3%","11.8%","6.8%","6.9%","6.9%","9.3%","9.5%","6.2%","6.7%","6.3%","7.0%","7.2%","6.5%","5.1%","4.8%","5.0%","5.0%","8.5%","6.0%","5.8%","6.1%","5.2%","7.5%","7.0%","7.9%","7.2%","3.3%","5.7%","7.5%","8.2%","9.8%","9.6%","6.3%","7.2%","5.0%","8.9%","8.7%","9.1%","7.8%","12.0%","10.1%","9.2%","13.5%","10.5%","7.6%","8.3%","11.0%","19.7%","10.4%","8.7%","6.6%","9.3%","9.4%","8.1%","5.1%","7.4%","7.3%","7.4%","5.4%","13.0%","9.3%","12.7%","8.7%","13.7%","6.1%","6.2%","5.6%","10.8%","12.7%","6.5%","10.5%","16.6%","17.1%","9.7%","9.3%","11.7%","7.5%","11.0%","10.4%","5.5%","10.2%","7.9%","7.0%","6.1%","8.7%","8.9%","12.9%","5.8%","2.1%","5.7%","5.6%","10.5%","7.0%","11.2%","13.7%","2.9%","2.0%","11.1%","9.5%","12.1%","5.6%","5.2%","5.4%","7.1%","12.2%","11.8%"
"            Employed","4.7%","9.8%","7.8%","4.2%","2.3%","4.1%","5.7%","2.5%","11.6%","6.8%","6.6%","6.9%","5.0%","2.6%","2.8%","9.0%","5.0%","5.4%","5.0%","7.5%","7.4%","5.8%","5.3%","5.4%","5.7%","5.6%","5.2%","4.2%","4.1%","4.4%","4.2%","6.8%","5.0%","4.7%","4.3%","4.0%","6.5%","5.5%","6.9%","6.4%","2.6%","4.4%","6.2%","6.6%","8.3%","8.9%","5.3%","7.0%","4.0%","6.8%","7.1%","7.7%","7.2%","9.7%","8.5%","6.9%","11.5%","8.5%","6.2%","6.4%","8.9%","15.8%","8.7%","7.8%","5.5%","8.2%","8.6%","7.2%","4.7%","6.2%","6.3%","5.3%","4.1%","11.2%","7.7%","11.2%","6.7%","10.5%","5.1%","5.5%","4.7%","7.9%","12.2%","5.8%","9.2%","14.4%","13.4%","9.0%","8.3%","10.3%","6.0%","8.4%","9.0%","4.9%","8.5%","6.7%","6.4%","5.3%","7.9%","7.7%","11.3%","4.9%","1.9%","4.7%","4.9%","9.0%","5.8%","10.4%","12.0%","2.6%","1.7%","9.8%","8.2%","10.4%","5.0%","4.4%","4.9%","5.3%","11.7%","10.2%"
"                Male","2.8%","5.4%","7.0%","2.2%","2.4%","3.5%","5.6%","1.8%","10.7%","4.6%","6.5%","6.1%","4.9%","2.6%","2.8%","8.3%","4.0%","4.8%","4.6%","7.0%","6.4%","4.3%","4.9%","5.2%","4.4%","5.7%","4.4%","4.4%","3.7%","4.0%","4.0%","8.4%","5.2%","5.5%","4.6%","3.3%","5.9%","3.9%","5.5%","5.9%","2.5%","3.0%","5.6%","4.7%","5.0%","6.4%","4.7%","7.0%","3.1%","5.1%","6.1%","6.4%","6.9%","7.5%","8.2%","5.2%","10.1%","5.6%","5.0%","5.6%","7.6%","13.4%","8.2%","5.6%","4.3%","6.2%","7.3%","6.3%","4.3%","5.5%","5.9%","4.7%","2.5%","7.5%","5.7%","11.4%","5.7%","5.6%","3.5%","4.5%","4.6%","7.1%","8.6%","4.4%","7.5%","11.6%","12.9%","6.2%","7.6%","9.5%","5.0%","7.7%","6.8%","4.2%","5.9%","5.1%","5.1%","4.9%","6.5%","5.8%","9.1%","4.1%","2.1%","4.8%","4.7%","7.8%","4.4%","10.3%","11.0%","2.1%","1.9%","8.1%","6.2%","9.5%","3.7%","3.5%","4.2%","4.0%","9.3%","8.8%"
"                Female","6.7%","13.9%","8.8%","6.6%","2.1%","4.8%","5.7%","3.1%","12.5%","9.1%","6.7%","8.0%","5.2%","2.5%","2.8%","9.8%","6.0%","6.0%","5.5%","8.0%","8.4%","7.9%","5.8%","5.7%","7.1%","5.4%","6.0%","3.9%","4.5%","4.8%","4.5%","5.1%","4.7%","3.8%","4.1%","4.7%","7.2%","7.1%","8.9%","7.1%","2.6%","5.7%","7.0%","8.7%","11.7%","11.0%","5.9%","7.0%","5.0%","8.5%","8.2%","9.2%","7.5%","12.1%","8.8%","8.6%","13.0%","11.1%","7.2%","7.2%","10.4%","17.8%","9.2%","10.0%","6.8%","10.1%","10.0%","8.2%","5.1%","7.0%","6.8%","6.2%","6.1%","15.2%","9.7%","10.9%","7.8%","14.8%","6.9%","6.5%","4.9%","8.6%","15.5%","7.2%","10.9%","17.2%","13.8%","11.9%","9.1%","11.3%","7.1%","9.1%","11.4%","5.5%","11.0%","8.5%","7.9%","5.8%","9.4%","10.0%","13.9%","5.9%","1.6%","4.6%","5.2%","10.6%","7.5%","10.5%","13.2%","3.2%","1.5%","11.8%","10.6%","11.3%","6.3%","5.5%","5.6%","6.7%","14.1%","11.5%"
"            Unemployed","16.7%","44.3%","39.4%","13.5%","28.7%","30.5%","33.4%","21.0%","39.1%","67.9%","35.8%","28.8%","28.6%","25.6%","17.2%","44.3%","34.3%","41.5%","43.4%","34.5%","38.5%","13.0%","38.0%","23.1%","33.6%","37.2%","34.0%","28.5%","23.9%","17.7%","21.5%","31.9%","29.9%","32.5%","40.1%","38.2%","37.9%","39.9%","31.6%","24.4%","18.0%","30.5%","37.9%","45.1%","30.2%","21.1%","32.7%","17.2%","26.4%","39.7%","46.8%","35.0%","19.2%","48.8%","40.1%","51.4%","46.1%","38.0%","34.3%","45.8%","39.4%","47.6%","47.2%","31.9%","35.9%","34.4%","44.3%","34.6%","14.3%","29.8%","18.9%","41.8%","36.7%","31.2%","46.2%","46.9%","37.6%","56.6%","24.0%","27.9%","35.0%","42.1%","31.2%","28.7%","31.3%","58.9%","55.5%","21.8%","32.9%","38.2%","39.6%","45.1%","34.9%","33.0%","36.7%","42.0%","20.4%","30.9%","25.4%","36.9%","36.8%","27.9%","11.1%","26.4%","26.2%","33.4%","38.8%","31.9%","44.8%","13.4%","10.3%","34.2%","53.3%","37.5%","23.0%","27.2%","18.3%","32.4%","34.3%","42.1%"
"                Male","14.6%","27.1%","22.6%","11.3%","21.8%","25.3%","29.4%","17.9%","26.2%","71.9%","51.4%","26.7%","22.0%","19.6%","14.8%","45.4%","39.2%","40.6%","49.7%","32.0%","36.9%","20.7%","32.7%","16.8%","32.2%","28.7%","37.2%","28.5%","26.2%","17.3%","31.9%","39.5%","24.9%","25.9%","36.7%","44.8%","21.3%","34.5%","35.0%","8.0%","13.7%","14.3%","23.7%","39.8%","23.4%","25.0%","31.2%","16.9%","24.7%","35.5%","34.9%","32.6%","27.3%","53.2%","40.0%","41.3%","15.7%","33.1%","26.9%","30.6%","32.3%","38.8%","54.2%","28.1%","26.3%","38.2%","36.4%","26.1%","21.6%","35.1%","15.5%","27.1%","41.4%","29.2%","43.3%","51.7%","36.0%","54.6%","8.2%","28.8%","36.5%","34.4%","30.6%","36.4%","20.7%","56.0%","44.7%","9.5%","32.7%","34.3%","40.7%","44.7%","28.9%","31.8%","30.8%","41.3%","13.7%","35.4%","13.8%","37.0%","33.0%","20.9%","0.0%","27.9%","12.0%","33.2%","31.5%","21.9%","39.6%","13.1%","11.7%","32.9%","41.9%","15.8%","20.0%","21.5%","19.6%","26.9%","47.0%","37.6%"
"                Female","19.7%","58.2%","53.6%","15.7%","34.5%","36.4%","37.0%","24.0%","51.7%","62.0%","20.3%","31.6%","35.5%","32.8%","19.4%","43.4%","30.0%","42.4%","37.4%","37.2%","40.0%","0.4%","45.9%","28.5%","35.7%","53.4%","30.5%","28.6%","21.3%","18.2%","7.6%","24.3%","34.0%","41.2%","44.0%","33.2%","50.2%","44.9%","27.3%","34.2%","25.2%","52.0%","52.3%","51.1%","36.4%","17.7%","35.0%","17.8%","29.9%","44.2%","53.6%","38.2%","8.6%","43.3%","40.3%","60.1%","68.4%","42.2%","43.1%","64.5%","45.3%","57.5%","36.4%","40.6%","44.5%","29.1%","50.0%","45.2%","8.9%","23.3%","23.7%","49.1%","32.1%","32.9%","50.9%","38.2%","39.4%","59.4%","35.5%","27.0%","33.1%","50.3%","32.0%","21.0%","41.4%","61.2%","67.2%","35.3%","33.0%","41.7%","37.7%","45.6%","42.0%","34.2%","41.5%","42.9%","28.6%","24.4%","37.4%","36.6%","43.7%","35.5%","18.7%","25.0%","38.2%","33.6%","51.7%","44.5%","48.4%","13.7%","9.1%","36.1%","64.3%","61.7%","27.6%","33.0%","16.3%","40.8%","20.9%","46.1%"
"    WORK EXPERIENCE","","","","","","","","","","","","","","","","","","","","","","","","","","","","","","","","","","","","","","","","","","","","","","","","","","","","","","","","","","","","","","","","","","","","","","","","","","","","","","","","","","","","","","","","","","","","","","","","","","","","","","","","","","","","","","","","","","","","","","","",""
"        Population 16 years and over","7.8%","15.9%","13.2%","7.1%","4.7%","8.9%","12.5%","7.1%","18.2%","15.2%","12.6%","14.5%","9.5%","7.9%","6.7%","18.4%","13.3%","11.6%","12.9%","15.7%","14.9%","11.1%","12.9%","12.3%","13.2%","14.0%","11.2%","11.1%","9.1%","10.1%","7.3%","13.8%","8.8%","10.7%","12.4%","8.6%","17.4%","12.2%","18.1%","13.0%","7.0%","12.4%","15.0%","15.0%","14.8%","15.3%","11.5%","11.1%","6.8%","15.4%","12.8%","13.9%","13.3%","16.6%","14.0%","14.4%","21.1%","19.8%","17.7%","16.5%","18.8%","29.1%","17.0%","14.0%","13.2%","17.8%","13.3%","12.1%","9.1%","13.1%","11.0%","12.3%","12.5%","21.6%","13.3%","22.0%","16.9%","23.1%","14.3%","10.6%","9.9%","15.1%","19.4%","10.2%","15.6%","24.9%","27.7%","20.5%","14.1%","17.3%","12.6%","19.8%","17.7%","8.9%","17.9%","12.3%","10.7%","10.5%","14.2%","15.4%","19.1%","10.8%","3.6%","10.4%","8.1%","17.2%","10.2%","17.8%","18.9%","4.8%","5.0%","16.1%","13.9%","20.1%","8.7%","10.2%","11.1%","13.8%","18.0%","19.6%"
"            Worked full-time, year-round in the past 12 months","1.9%","2.6%","4.2%","2.1%","0.6%","1.7%","2.9%","0.8%","3.9%","3.3%","3.5%","3.4%","2.9%","0.7%","0.8%","2.7%","2.0%","1.1%","2.3%","3.1%","2.7%","1.6%","2.0%","2.3%","2.1%","3.3%","1.5%","1.1%","1.2%","1.8%","1.8%","2.9%","2.1%","1.8%","1.0%","1.7%","3.8%","2.8%","2.5%","1.6%","1.7%","1.9%","2.2%","2.1%","2.3%","5.2%","2.5%","2.9%","1.9%","2.3%","3.1%","2.9%","2.7%","4.6%","2.3%","3.6%","5.7%","4.2%","1.8%","1.1%","1.9%","6.7%","2.1%","3.1%","2.8%","3.4%","2.5%","2.9%","2.6%","3.2%","3.1%","1.8%","1.4%","5.5%","2.9%","4.8%","2.6%","3.1%","1.8%","1.8%","1.5%","4.1%","4.3%","1.8%","5.8%","4.3%","5.5%","3.8%","3.2%","4.3%","1.6%","3.2%","2.6%","2.1%","4.5%","2.8%","3.7%","1.8%","4.4%","3.8%","6.8%","2.6%","1.2%","3.4%","2.6%","4.6%","3.0%","8.0%","6.3%","1.3%","1.0%","5.0%","2.1%","3.3%","2.0%","1.2%","1.6%","1.3%","2.7%","3.9%"
"            Worked part-time or part-year in the past 12 months","12.5%","25.9%","18.0%","12.1%","7.2%","11.0%","15.8%","7.8%","28.7%","19.7%","12.9%","15.3%","10.4%","9.3%","11.2%","24.3%","13.5%","17.7%","13.8%","17.8%","18.5%","16.5%","15.6%","13.0%","16.3%","15.5%","14.9%","13.7%","13.7%","12.0%","10.6%","17.9%","13.1%","15.5%","18.3%","12.2%","17.8%","15.5%","23.6%","20.5%","7.5%","13.6%","19.6%","22.7%","24.9%","18.3%","13.3%","18.9%","9.8%","20.7%","21.4%","21.7%","20.4%","25.1%","26.6%","19.2%","33.1%","21.6%","20.8%","23.6%","27.2%","36.0%","25.3%","19.3%","15.1%","23.7%","25.8%","19.2%","10.4%","15.4%","13.3%","17.6%","17.2%","25.1%","21.1%","25.2%","19.0%","30.7%","14.3%","17.1%","16.1%","18.6%","28.7%","18.3%","19.8%","38.3%","34.0%","23.9%","22.7%","25.8%","17.1%","24.5%","31.7%","16.4%","22.0%","19.1%","14.8%","18.4%","19.3%","23.8%","22.2%","14.1%","4.7%","10.9%","13.5%","23.0%","17.5%","20.6%","28.3%","6.7%","6.0%","23.7%","24.0%","31.5%","13.3%","13.8%","11.7%","17.0%","33.9%","26.5%"
"            Did not work","15.1%","30.7%","24.2%","13.5%","10.3%","18.3%","26.3%","14.9%","27.6%","29.5%","24.9%","26.6%","18.0%","18.0%","13.7%","32.4%","25.5%","23.8%","27.5%","31.4%","26.2%","20.4%","28.2%","26.1%","25.6%","26.4%","23.5%","26.3%","18.8%","20.8%","13.3%","24.5%","16.5%","27.9%","33.5%","14.2%","35.6%","25.0%","40.2%","28.2%","11.8%","26.5%","33.6%","36.0%","24.0%","25.2%","22.9%","19.2%","13.7%","31.3%","20.8%","25.9%","27.1%","28.3%","21.7%","27.7%","34.6%","36.4%","37.9%","40.0%","36.1%","41.5%","37.9%","27.8%","29.2%","38.0%","21.8%","22.7%","15.5%","24.2%","20.9%","24.8%","31.5%","37.3%","22.2%","39.6%","33.0%","39.8%","29.0%","23.8%","21.2%","27.2%","33.1%","20.1%","24.9%","43.7%","45.6%","36.4%","25.7%","28.9%","27.1%","37.7%","30.1%","19.2%","34.2%","26.6%","21.0%","25.4%","25.7%","31.4%","32.0%","22.7%","8.4%","22.5%","14.9%","32.3%","20.1%","29.4%","31.7%","11.0%","12.4%","27.2%","30.2%","39.9%","16.4%","26.9%","22.8%","29.4%","28.4%","36.8%"
"    ALL INDIVIDUALS WITH INCOME BELOW THE FOLLOWING POVERTY RATIOS","","","","","","","","","","","","","","","","","","","","","","","","","","","","","","","","","","","","","","","","","","","","","","","","","","","","","","","","","","","","","","","","","","","","","","","","","","","","","","","","","","","","","","","","","","","","","","","","","","","","","","","","","","","","","","","","","","","","","","","",""
"        50 percent of poverty level","(X)","(X)","(X)","(X)","(X)","(X)","(X)","(X)","(X)","(X)","(X)","(X)","(X)","(X)","(X)","(X)","(X)","(X)","(X)","(X)","(X)","(X)","(X)","(X)","(X)","(X)","(X)","(X)","(X)","(X)","(X)","(X)","(X)","(X)","(X)","(X)","(X)","(X)","(X)","(X)","(X)","(X)","(X)","(X)","(X)","(X)","(X)","(X)","(X)","(X)","(X)","(X)","(X)","(X)","(X)","(X)","(X)","(X)","(X)","(X)","(X)","(X)","(X)","(X)","(X)","(X)","(X)","(X)","(X)","(X)","(X)","(X)","(X)","(X)","(X)","(X)","(X)","(X)","(X)","(X)","(X)","(X)","(X)","(X)","(X)","(X)","(X)","(X)","(X)","(X)","(X)","(X)","(X)","(X)","(X)","(X)","(X)","(X)","(X)","(X)","(X)","(X)","(X)","(X)","(X)","(X)","(X)","(X)","(X)","(X)","(X)","(X)","(X)","(X)","(X)","(X)","(X)","(X)","(X)","(X)"
"        125 percent of poverty level","(X)","(X)","(X)","(X)","(X)","(X)","(X)","(X)","(X)","(X)","(X)","(X)","(X)","(X)","(X)","(X)","(X)","(X)","(X)","(X)","(X)","(X)","(X)","(X)","(X)","(X)","(X)","(X)","(X)","(X)","(X)","(X)","(X)","(X)","(X)","(X)","(X)","(X)","(X)","(X)","(X)","(X)","(X)","(X)","(X)","(X)","(X)","(X)","(X)","(X)","(X)","(X)","(X)","(X)","(X)","(X)","(X)","(X)","(X)","(X)","(X)","(X)","(X)","(X)","(X)","(X)","(X)","(X)","(X)","(X)","(X)","(X)","(X)","(X)","(X)","(X)","(X)","(X)","(X)","(X)","(X)","(X)","(X)","(X)","(X)","(X)","(X)","(X)","(X)","(X)","(X)","(X)","(X)","(X)","(X)","(X)","(X)","(X)","(X)","(X)","(X)","(X)","(X)","(X)","(X)","(X)","(X)","(X)","(X)","(X)","(X)","(X)","(X)","(X)","(X)","(X)","(X)","(X)","(X)","(X)"
"        150 percent of poverty level","(X)","(X)","(X)","(X)","(X)","(X)","(X)","(X)","(X)","(X)","(X)","(X)","(X)","(X)","(X)","(X)","(X)","(X)","(X)","(X)","(X)","(X)","(X)","(X)","(X)","(X)","(X)","(X)","(X)","(X)","(X)","(X)","(X)","(X)","(X)","(X)","(X)","(X)","(X)","(X)","(X)","(X)","(X)","(X)","(X)","(X)","(X)","(X)","(X)","(X)","(X)","(X)","(X)","(X)","(X)","(X)","(X)","(X)","(X)","(X)","(X)","(X)","(X)","(X)","(X)","(X)","(X)","(X)","(X)","(X)","(X)","(X)","(X)","(X)","(X)","(X)","(X)","(X)","(X)","(X)","(X)","(X)","(X)","(X)","(X)","(X)","(X)","(X)","(X)","(X)","(X)","(X)","(X)","(X)","(X)","(X)","(X)","(X)","(X)","(X)","(X)","(X)","(X)","(X)","(X)","(X)","(X)","(X)","(X)","(X)","(X)","(X)","(X)","(X)","(X)","(X)","(X)","(X)","(X)","(X)"
"        185 percent of poverty level","(X)","(X)","(X)","(X)","(X)","(X)","(X)","(X)","(X)","(X)","(X)","(X)","(X)","(X)","(X)","(X)","(X)","(X)","(X)","(X)","(X)","(X)","(X)","(X)","(X)","(X)","(X)","(X)","(X)","(X)","(X)","(X)","(X)","(X)","(X)","(X)","(X)","(X)","(X)","(X)","(X)","(X)","(X)","(X)","(X)","(X)","(X)","(X)","(X)","(X)","(X)","(X)","(X)","(X)","(X)","(X)","(X)","(X)","(X)","(X)","(X)","(X)","(X)","(X)","(X)","(X)","(X)","(X)","(X)","(X)","(X)","(X)","(X)","(X)","(X)","(X)","(X)","(X)","(X)","(X)","(X)","(X)","(X)","(X)","(X)","(X)","(X)","(X)","(X)","(X)","(X)","(X)","(X)","(X)","(X)","(X)","(X)","(X)","(X)","(X)","(X)","(X)","(X)","(X)","(X)","(X)","(X)","(X)","(X)","(X)","(X)","(X)","(X)","(X)","(X)","(X)","(X)","(X)","(X)","(X)"
"        200 percent of poverty level","(X)","(X)","(X)","(X)","(X)","(X)","(X)","(X)","(X)","(X)","(X)","(X)","(X)","(X)","(X)","(X)","(X)","(X)","(X)","(X)","(X)","(X)","(X)","(X)","(X)","(X)","(X)","(X)","(X)","(X)","(X)","(X)","(X)","(X)","(X)","(X)","(X)","(X)","(X)","(X)","(X)","(X)","(X)","(X)","(X)","(X)","(X)","(X)","(X)","(X)","(X)","(X)","(X)","(X)","(X)","(X)","(X)","(X)","(X)","(X)","(X)","(X)","(X)","(X)","(X)","(X)","(X)","(X)","(X)","(X)","(X)","(X)","(X)","(X)","(X)","(X)","(X)","(X)","(X)","(X)","(X)","(X)","(X)","(X)","(X)","(X)","(X)","(X)","(X)","(X)","(X)","(X)","(X)","(X)","(X)","(X)","(X)","(X)","(X)","(X)","(X)","(X)","(X)","(X)","(X)","(X)","(X)","(X)","(X)","(X)","(X)","(X)","(X)","(X)","(X)","(X)","(X)","(X)","(X)","(X)"
"        300 percent of poverty level","(X)","(X)","(X)","(X)","(X)","(X)","(X)","(X)","(X)","(X)","(X)","(X)","(X)","(X)","(X)","(X)","(X)","(X)","(X)","(X)","(X)","(X)","(X)","(X)","(X)","(X)","(X)","(X)","(X)","(X)","(X)","(X)","(X)","(X)","(X)","(X)","(X)","(X)","(X)","(X)","(X)","(X)","(X)","(X)","(X)","(X)","(X)","(X)","(X)","(X)","(X)","(X)","(X)","(X)","(X)","(X)","(X)","(X)","(X)","(X)","(X)","(X)","(X)","(X)","(X)","(X)","(X)","(X)","(X)","(X)","(X)","(X)","(X)","(X)","(X)","(X)","(X)","(X)","(X)","(X)","(X)","(X)","(X)","(X)","(X)","(X)","(X)","(X)","(X)","(X)","(X)","(X)","(X)","(X)","(X)","(X)","(X)","(X)","(X)","(X)","(X)","(X)","(X)","(X)","(X)","(X)","(X)","(X)","(X)","(X)","(X)","(X)","(X)","(X)","(X)","(X)","(X)","(X)","(X)","(X)"
"        400 percent of poverty level","(X)","(X)","(X)","(X)","(X)","(X)","(X)","(X)","(X)","(X)","(X)","(X)","(X)","(X)","(X)","(X)","(X)","(X)","(X)","(X)","(X)","(X)","(X)","(X)","(X)","(X)","(X)","(X)","(X)","(X)","(X)","(X)","(X)","(X)","(X)","(X)","(X)","(X)","(X)","(X)","(X)","(X)","(X)","(X)","(X)","(X)","(X)","(X)","(X)","(X)","(X)","(X)","(X)","(X)","(X)","(X)","(X)","(X)","(X)","(X)","(X)","(X)","(X)","(X)","(X)","(X)","(X)","(X)","(X)","(X)","(X)","(X)","(X)","(X)","(X)","(X)","(X)","(X)","(X)","(X)","(X)","(X)","(X)","(X)","(X)","(X)","(X)","(X)","(X)","(X)","(X)","(X)","(X)","(X)","(X)","(X)","(X)","(X)","(X)","(X)","(X)","(X)","(X)","(X)","(X)","(X)","(X)","(X)","(X)","(X)","(X)","(X)","(X)","(X)","(X)","(X)","(X)","(X)","(X)","(X)"
"        500 percent of poverty level","(X)","(X)","(X)","(X)","(X)","(X)","(X)","(X)","(X)","(X)","(X)","(X)","(X)","(X)","(X)","(X)","(X)","(X)","(X)","(X)","(X)","(X)","(X)","(X)","(X)","(X)","(X)","(X)","(X)","(X)","(X)","(X)","(X)","(X)","(X)","(X)","(X)","(X)","(X)","(X)","(X)","(X)","(X)","(X)","(X)","(X)","(X)","(X)","(X)","(X)","(X)","(X)","(X)","(X)","(X)","(X)","(X)","(X)","(X)","(X)","(X)","(X)","(X)","(X)","(X)","(X)","(X)","(X)","(X)","(X)","(X)","(X)","(X)","(X)","(X)","(X)","(X)","(X)","(X)","(X)","(X)","(X)","(X)","(X)","(X)","(X)","(X)","(X)","(X)","(X)","(X)","(X)","(X)","(X)","(X)","(X)","(X)","(X)","(X)","(X)","(X)","(X)","(X)","(X)","(X)","(X)","(X)","(X)","(X)","(X)","(X)","(X)","(X)","(X)","(X)","(X)","(X)","(X)","(X)","(X)"
"UNRELATED INDIVIDUALS FOR WHOM POVERTY STATUS IS DETERMINED","18.7%","24.7%","19.7%","14.5%","16.5%","19.1%","21.1%","12.9%","30.5%","24.4%","24.9%","33.8%","23.2%","24.9%","17.0%","32.3%","25.3%","24.5%","24.0%","26.9%","28.6%","32.1%","20.2%","30.1%","22.7%","31.1%","21.6%","19.5%","23.2%","27.3%","19.3%","28.6%","18.4%","16.6%","17.6%","21.3%","39.4%","21.1%","28.7%","21.9%","19.5%","22.0%","22.4%","19.4%","29.4%","21.4%","22.4%","22.1%","16.3%","22.9%","23.8%","23.6%","20.0%","29.1%","28.5%","24.6%","34.7%","31.1%","28.0%","24.7%","34.3%","40.5%","24.4%","24.0%","23.2%","26.2%","26.9%","22.3%","18.3%","24.8%","25.0%","24.2%","19.0%","36.1%","23.8%","30.5%","26.9%","29.4%","24.0%","16.5%","14.0%","23.8%","33.3%","19.9%","25.2%","35.3%","35.2%","31.0%","27.1%","26.7%","20.1%","29.1%","28.4%","17.0%","25.8%","18.3%","22.4%","17.6%","28.7%","22.3%","27.9%","21.0%","15.5%","18.8%","16.2%","22.2%","17.8%","30.9%","36.2%","17.6%","13.7%","25.0%","23.2%","26.6%","18.0%","16.2%","22.4%","25.4%","31.3%","28.1%"
"    Male","12.4%","19.3%","17.8%","9.3%","15.8%","18.0%","19.6%","9.4%","26.6%","25.5%","23.3%","31.0%","14.7%","25.2%","12.9%","31.9%","22.1%","26.2%","20.7%","24.1%","27.2%","24.6%","18.0%","29.3%","20.3%","26.2%","18.3%","19.5%","19.1%","25.2%","17.1%","32.3%","16.6%","16.7%","17.8%","17.5%","33.2%","19.0%","22.8%","18.0%","12.7%","18.9%","19.2%","17.3%","25.6%","18.8%","18.5%","23.3%","15.1%","21.3%","22.0%","21.7%","20.1%","28.0%","25.9%","20.8%","34.6%","31.4%","26.4%","23.5%","32.3%","38.9%","24.8%","22.9%","19.9%","24.7%","24.3%","21.9%","16.6%","23.0%","18.6%","21.1%","15.1%","25.5%","20.3%","31.5%","24.6%","28.7%","18.3%","14.4%","14.8%","19.6%","32.9%","19.8%","24.5%","30.0%","33.6%","28.7%","24.6%","24.6%","18.4%","27.0%","23.8%","16.5%","22.6%","14.5%","21.0%","16.3%","26.5%","18.2%","21.4%","19.2%","19.5%","19.5%","13.7%","18.2%","17.5%","20.1%","34.0%","16.7%","10.2%","22.3%","19.2%","25.3%","14.1%","13.9%","21.9%","22.1%","31.0%","26.7%"
"    Female","24.4%","30.7%","21.7%","20.1%","17.1%","20.2%","22.7%","15.6%","34.4%","23.5%","26.3%","36.5%","32.0%","24.4%","21.2%","32.7%","28.0%","22.9%","27.4%","29.8%","30.0%","40.7%","22.7%","30.9%","24.8%","36.2%","25.4%","19.5%","28.4%","29.7%","21.3%","24.8%","20.2%","16.5%","17.4%","25.7%","45.9%","23.2%","36.0%","26.3%","26.0%","24.8%","25.9%","21.6%","33.7%","23.7%","27.1%","20.8%","17.3%","24.6%","25.5%","25.4%","19.9%","30.1%","31.1%","28.6%","34.7%","30.8%","29.6%","26.0%","36.2%","42.1%","23.9%","25.1%","26.3%","27.8%","29.5%","22.9%","19.8%","27.0%","32.1%","27.6%","23.7%","46.6%","27.1%","29.4%","28.9%","30.2%","29.4%","18.5%","13.2%","27.7%","33.5%","20.0%","25.9%","40.4%","37.0%","33.2%","29.6%","28.7%","21.7%","31.0%","33.2%","17.4%","29.2%","22.1%","23.8%","19.2%","31.7%","26.7%","35.0%","22.7%","12.3%","18.3%","19.2%","26.8%","18.2%","42.2%","38.6%","18.5%","17.1%","27.9%","27.5%","27.8%","21.8%","18.7%","23.1%","28.3%","31.5%","29.5%"
"    15 years","-","100.0%","-","100.0%","100.0%","100.0%","100.0%","-","100.0%","-","100.0%","100.0%","-","100.0%","-","100.0%","-","-","-","100.0%","-","100.0%","100.0%","100.0%","-","100.0%","69.3%","100.0%","100.0%","100.0%","100.0%","100.0%","100.0%","-","-","-","100.0%","100.0%","-","-","-","-","100.0%","100.0%","100.0%","-","-","100.0%","-","100.0%","-","100.0%","-","100.0%","100.0%","100.0%","-","100.0%","100.0%","100.0%","-","100.0%","-","100.0%","-","-","-","100.0%","100.0%","100.0%","-","100.0%","-","100.0%","100.0%","-","100.0%","-","-","100.0%","100.0%","47.1%","100.0%","100.0%","-","100.0%","100.0%","-","-","100.0%","100.0%","100.0%","100.0%","100.0%","-","100.0%","-","100.0%","100.0%","100.0%","100.0%","100.0%","100.0%","-","-","100.0%","-","-","-","-","-","100.0%","100.0%","100.0%","-","100.0%","100.0%","100.0%","-","-"
"    16 to 17 years","-","100.0%","-","100.0%","100.0%","100.0%","100.0%","-","100.0%","100.0%","62.5%","100.0%","32.8%","100.0%","-","100.0%","-","-","54.4%","81.2%","-","100.0%","100.0%","100.0%","100.0%","100.0%","100.0%","100.0%","100.0%","100.0%","100.0%","51.9%","64.8%","100.0%","-","-","100.0%","100.0%","21.6%","100.0%","100.0%","100.0%","100.0%","-","100.0%","100.0%","100.0%","100.0%","0.0%","100.0%","100.0%","78.5%","100.0%","100.0%","-","100.0%","100.0%","100.0%","100.0%","-","100.0%","100.0%","100.0%","100.0%","-","100.0%","100.0%","100.0%","23.2%","100.0%","100.0%","100.0%","-","100.0%","100.0%","100.0%","98.8%","100.0%","100.0%","100.0%","100.0%","-","100.0%","100.0%","100.0%","100.0%","100.0%","79.8%","100.0%","84.9%","100.0%","100.0%","100.0%","100.0%","73.6%","100.0%","-","-","100.0%","71.6%","100.0%","100.0%","100.0%","100.0%","-","92.8%","-","100.0%","100.0%","54.7%","100.0%","83.1%","100.0%","100.0%","100.0%","100.0%","100.0%","100.0%","-","46.2%"
"    18 to 24 years","32.9%","34.6%","36.8%","16.1%","36.7%","28.7%","27.0%","13.2%","50.1%","46.3%","38.7%","52.7%","18.2%","41.8%","62.1%","44.4%","34.7%","55.4%","37.0%","49.6%","29.1%","63.3%","27.8%","51.9%","37.4%","19.7%","48.3%","34.2%","46.2%","42.9%","72.6%","20.8%","23.0%","31.3%","37.4%","41.5%","65.9%","29.2%","44.3%","31.3%","39.7%","35.4%","35.2%","36.0%","50.6%","14.3%","44.8%","35.3%","28.9%","34.2%","47.4%","35.2%","32.9%","43.4%","53.9%","40.4%","65.2%","62.2%","39.7%","47.7%","63.9%","62.5%","42.6%","37.0%","40.3%","44.0%","44.2%","40.0%","29.3%","26.9%","37.3%","38.4%","38.9%","62.6%","38.0%","53.6%","41.3%","33.4%","28.2%","29.0%","21.5%","32.9%","63.6%","46.3%","37.6%","54.3%","55.6%","57.3%","44.2%","38.1%","31.8%","48.9%","61.2%","17.5%","36.7%","32.1%","42.7%","38.0%","25.5%","35.3%","30.4%","33.4%","21.2%","19.2%","56.2%","36.7%","51.9%","48.5%","59.3%","32.2%","25.9%","43.3%","42.8%","52.0%","27.0%","29.0%","37.9%","26.1%","61.5%","45.3%"
"    25 to 34 years","15.0%","11.1%","12.3%","9.2%","7.6%","13.3%","13.3%","6.9%","21.0%","13.0%","17.6%","28.8%","14.1%","21.5%","13.7%","19.2%","10.9%","16.7%","16.9%","16.0%","26.5%","22.3%","13.7%","25.8%","13.3%","26.6%","11.4%","9.2%","15.5%","16.1%","6.4%","29.6%","13.8%","8.6%","9.0%","12.1%","22.6%","13.1%","15.6%","11.2%","20.2%","15.7%","14.3%","8.7%","31.5%","9.3%","11.9%","18.2%","11.7%","11.6%","14.9%","17.5%","13.2%","26.0%","21.3%","16.8%","13.9%","19.5%","13.7%","10.6%","18.8%","33.9%","10.5%","11.7%","14.0%","14.6%","17.8%","19.9%","24.2%","21.4%","17.4%","14.8%","7.7%","27.0%","19.1%","19.1%","16.0%","21.4%","18.5%","8.7%","7.4%","16.0%","25.4%","7.5%","18.5%","16.7%","23.0%","19.0%","21.9%","19.9%","13.6%","18.0%","16.8%","15.5%","17.2%","14.6%","12.1%","9.5%","11.4%","14.0%","18.9%","16.0%","5.1%","22.2%","10.7%","16.2%","10.8%","14.3%","17.5%","14.1%","3.9%","18.9%","11.1%","10.5%","11.6%","8.8%","11.4%","16.0%","14.6%","19.8%"
"    35 to 44 years","20.9%","24.7%","15.1%","11.1%","11.1%","15.3%","20.4%","2.4%","28.6%","22.2%","12.4%","21.3%","36.5%","32.2%","9.2%","27.6%","14.4%","13.9%","17.4%","19.0%","20.4%","25.6%","13.2%","29.3%","18.3%","29.9%","12.4%","16.3%","13.1%","15.8%","11.9%","25.3%","16.5%","10.4%","10.4%","15.8%","27.6%","14.3%","14.7%","13.5%","15.1%","15.3%","12.5%","8.5%","22.8%","14.8%","19.0%","20.3%","14.8%","16.7%","21.8%","18.7%","11.9%","28.6%","22.7%","22.3%","31.8%","15.5%","20.5%","10.9%","16.4%","38.0%","26.0%","24.4%","16.9%","19.0%","22.4%","15.0%","19.6%","25.4%","25.8%","23.8%","12.8%","20.0%","20.3%","24.9%","20.5%","24.8%","24.5%","13.4%","17.5%","18.8%","19.2%","13.1%","23.9%","29.8%","24.7%","21.2%","22.6%","26.5%","13.1%","20.1%","21.2%","17.8%","20.8%","10.2%","20.9%","10.7%","35.2%","18.7%","19.2%","19.9%","10.3%","14.0%","11.9%","17.8%","12.0%","15.7%","18.2%","14.4%","7.2%","18.7%","13.1%","24.4%","12.3%","12.8%","21.1%","24.3%","13.2%","18.5%"
"    45 to 54 years","7.8%","14.4%","10.5%","8.5%","15.2%","15.8%","21.5%","16.1%","26.4%","20.4%","24.4%","39.9%","34.0%","18.3%","18.9%","35.6%","27.3%","22.7%","23.7%","26.2%","25.2%","20.1%","18.6%","17.0%","25.1%","29.6%","23.1%","16.3%","17.3%","24.4%","17.3%","30.8%","21.7%","23.2%","16.2%","19.3%","31.3%","20.7%","17.5%","17.8%","6.2%","12.6%","21.5%","22.4%","13.5%","30.3%","23.7%","15.2%","17.3%","26.5%","22.3%","21.7%","23.6%","27.6%","18.6%","25.8%","21.5%","32.1%","27.5%","31.8%","27.2%","49.4%","26.2%","24.7%","20.1%","27.9%","16.0%","18.2%","10.5%","25.8%","19.9%","20.7%","16.7%","28.2%","25.1%","33.6%","26.6%","33.4%","22.3%","16.3%","13.6%","16.3%","34.7%","14.2%","26.2%","31.9%","34.8%","32.8%","26.0%","33.9%","22.5%","29.4%","17.2%","11.9%","32.4%","15.5%","20.2%","17.6%","34.6%","22.4%","18.8%","13.9%","14.8%","5.7%","13.5%","17.7%","20.5%","23.3%","24.6%","20.0%","14.7%","26.4%","12.0%","17.8%","24.2%","19.3%","25.4%","38.0%","7.7%","27.6%"
"    55 to 64 years","30.0%","42.3%","24.4%","20.1%","12.3%","23.5%","25.8%","18.6%","26.0%","32.8%","28.0%","40.1%","10.5%","11.2%","19.6%","49.0%","24.3%","20.8%","29.0%","33.2%","35.5%","37.7%","26.5%","24.9%","31.3%","27.5%","28.1%","28.7%","29.8%","31.7%","20.4%","35.4%","21.3%","32.0%","26.8%","32.2%","28.2%","26.0%","31.9%","30.7%","23.9%","24.3%","27.3%","29.1%","24.2%","27.5%","27.9%","24.6%","12.3%","34.8%","28.5%","28.8%","30.9%","27.7%","29.6%","30.1%","44.9%","42.3%","38.2%","33.7%","51.3%","46.7%","30.8%","34.1%","27.5%","38.2%","22.1%","23.8%","13.6%","26.3%","34.9%","26.2%","37.5%","47.0%","27.9%","32.6%","34.5%","39.8%","21.0%","20.7%","15.7%","34.4%","34.5%","18.9%","25.2%","43.2%","44.7%","31.1%","30.5%","26.9%","30.8%","41.5%","31.5%","15.5%","31.6%","25.4%","13.4%","26.0%","32.1%","24.4%","33.1%","28.8%","15.9%","22.3%","9.5%","25.2%","14.5%","25.4%","27.8%","14.7%","15.9%","27.4%","41.1%","36.3%","16.7%","22.9%","29.0%","29.3%","20.3%","37.0%"
"    65 to 74 years","12.4%","22.9%","28.4%","17.7%","13.6%","20.8%","24.5%","17.6%","24.3%","15.3%","33.2%","31.0%","21.6%","25.0%","12.6%","30.6%","42.3%","11.9%","29.8%","32.4%","26.2%","29.0%","35.2%","38.3%","24.4%","45.6%","21.2%","29.5%","22.8%","39.2%","18.9%","22.3%","16.4%","18.8%","26.3%","16.3%","51.5%","28.6%","51.2%","38.2%","15.2%","24.3%","33.6%","30.8%","28.4%","22.9%","18.2%","18.9%","21.9%","30.1%","18.3%","23.8%","12.8%","18.1%","11.3%","19.1%","25.7%","39.4%","37.9%","35.2%","28.4%","35.1%","24.6%","20.1%","31.5%","33.3%","22.7%","17.3%","13.1%","24.1%","22.8%","20.8%","30.1%","45.6%","20.3%","26.2%","33.8%","26.1%","34.6%","20.0%","11.8%","28.3%","27.5%","28.5%","30.6%","35.3%","35.6%","30.5%","24.5%","23.3%","24.4%","31.8%","21.8%","16.7%","20.4%","22.7%","28.2%","18.4%","29.8%","28.5%","36.0%","20.0%","24.0%","15.5%","17.9%","30.3%","9.8%","47.2%","20.7%","13.9%","15.1%","22.9%","19.9%","29.2%","17.5%","21.2%","19.1%","23.2%","10.4%","26.0%"
"    75 years and over","14.7%","23.3%","12.2%","21.2%","20.6%","18.6%","22.9%","18.6%","22.5%","12.4%","33.6%","36.2%","28.3%","26.7%","15.1%","24.7%","43.8%","22.2%","29.4%","39.0%","38.3%","19.8%","25.6%","14.9%","20.7%","36.4%","20.6%","33.6%","33.3%","41.4%","17.7%","29.1%","16.7%","23.7%","21.8%","24.5%","65.9%","23.5%","65.2%","48.1%","23.9%","29.9%","28.8%","31.5%","21.0%","33.6%","21.8%","11.7%","13.5%","29.0%","15.7%","16.9%","9.8%","24.7%","17.4%","22.4%","21.8%","25.4%","35.4%","36.6%","26.9%","24.3%","19.8%","22.6%","21.7%","22.7%","16.2%","16.0%","21.3%","23.1%","27.1%","19.4%","28.3%","40.0%","22.2%","33.2%","35.7%","35.2%","21.6%","17.9%","15.6%","24.6%","23.2%","20.7%","18.8%","33.6%","33.2%","22.3%","20.1%","19.3%","21.3%","30.1%","21.5%","19.9%","32.1%","12.9%","28.2%","16.8%","36.2%","29.1%","47.9%","16.2%","22.9%","25.4%","13.6%","22.9%","23.8%","58.4%","34.6%","22.2%","25.9%","23.0%","12.5%","29.8%","27.1%","23.2%","13.2%","22.9%","17.6%","25.3%"
"    Mean income deficit for unrelated individuals (dollars)","(X)","(X)","(X)","(X)","(X)","(X)","(X)","(X)","(X)","(X)","(X)","(X)","(X)","(X)","(X)","(X)","(X)","(X)","(X)","(X)","(X)","(X)","(X)","(X)","(X)","(X)","(X)","(X)","(X)","(X)","(X)","(X)","(X)","(X)","(X)","(X)","(X)","(X)","(X)","(X)","(X)","(X)","(X)","(X)","(X)","(X)","(X)","(X)","(X)","(X)","(X)","(X)","(X)","(X)","(X)","(X)","(X)","(X)","(X)","(X)","(X)","(X)","(X)","(X)","(X)","(X)","(X)","(X)","(X)","(X)","(X)","(X)","(X)","(X)","(X)","(X)","(X)","(X)","(X)","(X)","(X)","(X)","(X)","(X)","(X)","(X)","(X)","(X)","(X)","(X)","(X)","(X)","(X)","(X)","(X)","(X)","(X)","(X)","(X)","(X)","(X)","(X)","(X)","(X)","(X)","(X)","(X)","(X)","(X)","(X)","(X)","(X)","(X)","(X)","(X)","(X)","(X)","(X)","(X)","(X)"
"    Worked full-time, year-round in the past 12 months","4.7%","3.5%","3.9%","1.8%","1.5%","2.1%","2.5%","1.7%","4.0%","4.9%","1.6%","5.2%","2.8%","1.4%","0.7%","1.6%","3.5%","3.3%","3.2%","3.1%","5.0%","2.2%","1.8%","3.7%","2.5%","4.9%","1.7%","1.9%","2.9%","2.4%","4.9%","0.5%","3.3%","2.7%","1.3%","2.1%","7.4%","3.0%","2.3%","1.3%","2.9%","3.6%","2.4%","2.1%","2.4%","4.2%","4.3%","4.4%","4.0%","2.3%","3.7%","4.8%","2.8%","5.8%","4.8%","5.5%","7.2%","3.5%","1.7%","1.3%","1.6%","6.4%","2.4%","2.7%","3.7%","2.8%","3.4%","4.5%","5.7%","4.2%","4.1%","3.8%","1.7%","5.2%","3.5%","4.8%","2.5%","1.8%","3.0%","2.1%","1.1%","3.3%","2.4%","2.4%","5.7%","4.2%","6.5%","2.5%","4.1%","4.8%","1.5%","3.3%","3.3%","1.9%","4.1%","4.2%","6.3%","2.6%","8.4%","3.0%","4.5%","2.4%","4.8%","4.0%","3.3%","3.7%","3.0%","6.4%","10.0%","3.4%","1.4%","6.1%","2.4%","2.8%","2.4%","2.1%","1.8%","1.6%","2.8%","2.7%"
"    Worked less than full-time, year-round in the past 12 months","37.2%","42.4%","31.8%","20.7%","36.7%","28.0%","28.8%","17.6%","45.1%","29.5%","29.3%","34.4%","26.9%","34.2%","24.0%","42.7%","22.6%","35.1%","24.3%","29.5%","33.5%","41.6%","28.0%","35.3%","26.0%","23.8%","31.0%","25.3%","31.3%","28.2%","29.6%","41.0%","26.9%","25.4%","28.4%","42.5%","39.4%","30.4%","35.4%","36.0%","21.8%","21.5%","29.2%","27.9%","46.6%","21.7%","26.5%","47.0%","30.2%","31.2%","42.0%","34.8%","37.8%","45.2%","48.1%","33.1%","57.1%","35.3%","32.9%","37.1%","47.6%","48.6%","35.7%","37.4%","29.6%","36.2%","49.8%","35.9%","20.9%","30.0%","36.5%","33.9%","27.1%","40.2%","40.1%","33.6%","29.5%","34.9%","26.1%","31.5%","24.8%","29.8%","45.1%","38.4%","37.3%","53.2%","44.8%","36.2%","43.1%","41.1%","25.8%","35.9%","49.3%","36.0%","34.6%","30.1%","32.1%","30.8%","36.2%","38.3%","37.4%","34.0%","20.9%","30.4%","32.0%","31.7%","41.4%","38.1%","50.3%","33.8%","19.6%","40.5%","38.0%","45.5%","30.5%","22.9%","25.8%","30.9%","54.5%","41.5%"
"    Did not work","31.6%","50.0%","41.4%","44.7%","38.2%","43.1%","53.2%","30.8%","49.8%","52.9%","56.5%","57.5%","50.5%","61.0%","42.4%","62.8%","62.3%","58.1%","57.0%","63.9%","52.9%","65.8%","48.1%","59.0%","50.5%","63.2%","52.6%","53.1%","56.6%","66.0%","37.5%","49.8%","41.2%","52.0%","51.1%","36.3%","77.3%","49.9%","72.5%","61.9%","30.4%","50.4%","59.5%","58.5%","53.4%","44.4%","45.9%","38.5%","33.6%","55.9%","36.8%","47.2%","37.5%","48.4%","45.0%","48.8%","59.4%","61.6%","64.2%","65.6%","61.0%","59.9%","57.0%","50.3%","53.4%","54.0%","43.6%","42.9%","33.2%","47.4%","49.0%","47.6%","61.8%","67.6%","44.2%","58.8%","59.7%","58.7%","45.6%","47.0%","37.0%","51.4%","60.5%","46.0%","44.1%","65.6%","59.4%","54.3%","53.9%","49.9%","46.7%","59.1%","50.4%","39.4%","54.0%","46.2%","51.5%","55.6%","57.1%","58.8%","57.6%","46.0%","49.2%","42.9%","33.3%","57.0%","53.9%","64.0%","64.1%","42.9%","44.9%","49.4%","54.8%","56.9%","41.5%","49.3%","44.4%","55.9%","51.0%","56.5%"
"    Population in housing units for whom poverty status is determined","8.3%","17.6%","13.8%","7.4%","4.6%","9.2%","13.6%","7.0%","19.0%","18.3%","13.7%","15.9%","9.9%","8.5%","6.6%","20.4%","12.7%","11.1%","13.3%","16.3%","15.7%","11.9%","13.5%","12.4%","13.3%","17.2%","10.9%","9.4%","8.6%","11.0%","7.4%","14.4%","9.2%","11.4%","12.6%","8.3%","16.9%","13.8%","18.4%","14.0%","7.3%","13.3%","16.1%","17.1%","16.7%","17.7%","12.1%","11.0%","7.9%","17.1%","13.9%","15.7%","14.5%","18.0%","14.4%","16.1%","22.2%","22.0%","18.4%","16.6%","19.9%","33.6%","16.5%","15.4%","14.3%","20.0%","13.8%","13.5%","10.0%","13.9%","12.0%","12.0%","12.7%","23.7%","13.9%","23.4%","17.6%","26.0%","14.8%","11.6%","10.9%","16.5%","21.6%","10.9%","18.1%","26.3%","31.5%","23.2%","15.3%","19.9%","12.0%","21.4%","18.7%","9.8%","21.3%","13.9%","11.5%","10.8%","16.3%","17.6%","21.7%","11.9%","2.9%","12.0%","9.8%","20.6%","11.2%","20.0%","19.1%","4.5%","4.8%","18.5%","13.2%","21.5%","9.9%","9.6%","11.4%","13.9%","17.0%","21.9%"